0xF2c02b99e461efd60b85918F53a8864BA0B5dE60,0
0x3146b34b361774f8A62c0fEB2beb78485583aCC3,0
0x2394f8055659999CfC73E115e164a218519b7129,0
0x9a408A1B1084B9a1Ce28E2bd6e559cE5668dda86,0
0x38B0cddD2869816D989C373f863FE5b6a11dEa39,0
0x2d2009dC8083A35a68F0EF587A2075fF97b17A0a,83628594718362487794
0xCE31Da3dcbF31bdF7FCd5B10eaCA4860348fB0fB,0
0xbF8d8c233d36873642FA8D30E19F21085b99c6c5,20511100997723999997
0x11AEB92d32509038a3bCc90ca468d130f8Fe7729,0
0x8D44b9d8bFEC62820EB81db52631Cf4B76B41A85,0
0x320391d681fb90Ae675416C10Cf1d8344DAEfF1c,0
0xED24329c722647750469369f8A980dc7716d41d3,13590688872475658534
0xcF5c8854b0E809b1c77f74F87FC2DE1817f7E254,66160807486560951210
0xafd07042980e279480A6602BbB5E8b2622DC8759,0
0xaaF99876C63f8299Aa83F35f1423A0d4314CC9D2,0
0xb2a3A1b7A43d324bdE34b601403FCE0A2ecdF4fa,0
0x5EEe63a80FB5840cfE453f1E08C9878F6d14c906,14216027317528219510
0x0171A976e9f6F8d6a290488F32B557099B9B3a2b,0
0x49Ae1f16203627d8537B419c29A4263e5418C7af,0
0x732dD279031D60F9249068988C6ac61805bD53Ca,479217695058612560914
0x824e5989eAc967cdFdA692c5A8ecF7Cbc8A8b948,1156000649524164219366
0xa81291d5105d79c4FCcd3E146018E8595e99cc7b,0
0xCCcfe8A9636e31c03954c3C0DEAf6A03af8CaA40,82544674746938048769
0xF3C1e9D513B39dD6a7A4D0A50F0169D434bCE963,18301571825204951217
0x3Ff4eABF2063afd5879E50bc980D393CD8925E22,0
0x895b349Fc14ab60B693659d32A6cCb5AA394480d,0
0x6f16035eE9353e0fa6A6AB6346CdE4d98d69E0a3,26055768543856707313
0x67465DB023322dB4Cd5F5Ee422456a008dD23279,0
0xB48f6b3826112646c1896Be068B3cB3d18cB50eC,0
0x12bD5eA122bB26e731D1Df3e0e8b329214AC2a4a,0
0x2911514Ff58356bC0f94C1dc0C2d6CcDDD1996E3,1899653128380669731467
0x7e2cDa734794CA1b7Af71E6AcaBA7D7Ae57eb324,440321643776343268236
0x683443C788F573dAE28791fbC79CBF9eC6c52A0c,1158085111007672755950
0xF82C4522eE164E1170BE5cF17dc1783af5DA5691,0
0xcfC2C3C4c92C72c9C77414396551657EcfCa47f0,255638356337486926796
0x2f1181E489644128E1bcec2EBafDa026686c7396,0
0xF8C76541Fc117a32Dbfc0A64a5d584563446ba69,35977805205357341457
0x5661774ffB17C98B16af89278aDe33ab83736a64,0
0x0Fb7Ac2e96f79eD6B42852A0411ed0D84E88A7B9,0
0x6A48d26875C3Ad0D2fc099607E4a26fE0a73B338,0
0x6a25FbbF14A292aBECF7Dd6Df998A4B8D7484EA4,10880888943914560973
0x91fa5DdB6Ad7A9f0Ed0817B5594a3553d92B008f,59490530739333634138
0x4b11f55B48D76aDB297e65856d091d40475E1e30,19593937944980243899
0x6B3F3daD3dBe6bd5ef3A95b9D70C47E7AAc01Fe0,0
0xDeEEEbF017bB0A555BFe0663c84ACA90090CcBE8,1334930823268536999830
0xCfB0aB6d998ECf8358d0E580521909Fe4959B3b5,0
0x6A8CD52196b8542cd26f608d948698d11391804B,0
0xD90a222A0016B991D380DEE9d6d90E53788eF728,0
0xba80c7F81cDF66A265994e19238Ba652614fBDB2,554633511531951414563
0xEcd10DC5Fbd61D3cF4b6b69381698571c45B3c2B,439237723804918829212
0xEF550f50c4CA57dDA72FfC9554efC67064E2F88B,136782362547830170714
0x543519a3f4Bc9431ee24541870a2b7b1Caf24e67,0
0xAEE00304cc1F466f2277fCA2433693Eb216e04BC,0
0x01293B2750Bb71f7d8DC8b6E022B601012004cc2,32267463764712146336
0x1fdD9c25758131b73794Ce73Cd95537E578Cc0F4,3526075045503040487359
0x0440fc1790b0d1Fd382F87F00024aCFa87f81BE9,0
0x18befDcd3C539B0feC3A6ba08f0fe9D09f4BFD80,0
0xdeFf83793cB3323952CC9536f1B283eF8632B85d,0
0x60F0d627F2fCB386749eb3E314ab4b3eDe2b8a90,34977263693273243897
0x6adc7C1dEAc847A2A007322527a271e34f81c9A2,0
0x1Be395325509ac5a9252E2bCA1A06dBD2B5A7C45,0
0xD5EF291f06740e762A3aa0113E80a3d442B48bE6,136240402562117951201
0xC771c2caDEe274C992D5115a2e60aba97195AE18,0
0xe5F7a59C09A8Dd6455D87af450010a0744C8eBff,0
0x3255D2620550EaCc3E75400586394c10bAD709f0,19093667188938195119
0x198d36c587E51f13154E3F60b95b25C2B180E091,0
0x48E3490FdBd473e746E46F1a79B38f7B72e38dCB,164213875670802512173
0x8E4B872Bf06EF281c11a31af677F371896e276a9,115270720038022073155
0x93D8b7f422e8c1E4bcc8C6fE1b4894b4B6465739,100471043505111463401
0xA866Db44051311aaB49fB36A147e4c542259d02E,0
0xf2b54DA2C4035A4540Fb357544F06FFaed24ed29,0
0x1A8b549eea6527baFF8FFC22331d291b1ee2136E,1498477671264616780298
0x505d6DdCE2465fE0983893e675f7CA1A0766c7a2,48276127958057707310
0xF20AF7525b24c51b78434fB4016b618354E9D88a,0
0x45C656d4Cd64DaB96246E3C6252F8808E0979878,0
0x21bd233B8fc66E3e501B1b790B7E5177cAf712F5,112435852420450463400
0xaA69fA35206C7f505BD50130b698BEb7dB418c81,0
0xCa3492eBf3d6230352F07247CB51AE69298A2Db4,14090959628517707314
0xA975872aEA7c62B858CB64d73FdDA45F6d55B8af,0
0x8778a246F80BeDE09932854785708c7C9262aD8D,0
0xE6f20abC0A653D4e096ef0Ba792Cb07D6B7aC0FB,1893274676241133609516
0x1D3432eB1973d7121b4387232A86889f8D39D485,0
0x10ceCde99C25d42538C45c59B5FccdFD0fF2d673,0
0x8C648dd45c5F050bB12abEdf5f512885e1337f0a,76708182593114146331
0xF2e07018F40730EC5e0Bbecd047a9B0775C0e925,11672984307647804876
0x094300F9db2761A01D887CEFB9A858046492faaB,1013048280985148780359
0xbF9EC1e81c1ef56097087c0b4e61E4fc42759c5d,0
0xa4D9Ed0d5875898BE0C1533Dec3EeA10e1776929,0
0x8FD2bC4AB7F457b0f9f0F7B2526C03DF63369a67,495851697697010682863
0x41769dCF9866acaEb3d7ADAb7BBC63243A0E88f0,16217110341696414631
0x4625D31aB7fFF3D0F4AC20ED2c305f45fAabbFfB,0
0xa15daf2FB7f00f6aaa68bfB49cFB4a3713dA2150,88047653063400585354
0xFB6f5006249b2DbAb05A592b10cD3B981fBc2383,28015162338354731702
0xdeed1F71a7c9505a6062dB12BE7FB3aB29a9aABf,1526576212062311853465
0x9c1a60Fc62d6BE859BCf552d7483E22C05D6F330,36102872894367853653
0x634D5B6A7d04bBF14F37458D63C0B7CC46E1b777,0
0x00BF2b71cF4a3511D70a8665aC55bEBb35dfC0CD,0
0xae07D3872ef4b3dCe2c0CF54332CE9774A9D983a,0
0x1A46cbf6a43dD518272823adC5F47528c53aE05F,16050353423015731704
0x5813c98CA52Eb12035B4E9Da6e6764DE588182eA,0
0x48E9C7E384540570404b0585c61a50accD4E5BFC,3285444811846815023975
0xAF0A24EAfAd0e15dcBf46BE8e3C127f17960c70e,0
0x88209Eda742cE24b78BC48d75a3f3B52FF4DfC5b,0
0x47A7271F631e28251F7F8fBD6324E3eE0FC17011,0
0x2288Cb1B29f41d628A206613728Fb9e281aDb9c0,0
0x53d3E6ABB8c02d0e45C6E51091bE22B0666CfEC2,0
0x9722D020711B3Cf8F4Db0B3872766d6D04323c59,0
0x2E62E6811c7a5DfD4DC1Cb9A5CFC01a70A77CA8e,0
0x7826C46B45791C6eB0142Ca09B6799bD4D4E53a2,0
0x248D55922e87E89bCeB54d596CAbf271CA7B3026,201484046995935146315
0xDbF1c2a93813C3bebcc1bDacD7b879cc8902E068,0
0x6D748a5ecE1cE4A0956942fe117a4a364c8aEe1e,55530053920667414626
0xaBeC7345d6CD26bD10fa83EFAFcB711f898F2bE3,22887387088923731704
0xB4B501F9d80Dd97d9FEE9D9024Ceb63817A57881,208070945283822121924
0x26F15E9627d7c1BDB862CD6234a903614e3acE38,1190894534758097121800
0xD3C457d8FB98d5faae4DC9009147999A473EAC27,194188431803655268267
0x71cd3301b9b309Fb56f660Cba7f0C5D6eF195771,74123450353563560965
0xd6A7AB38941A01aB1FFe24aFa7Db335479fdf537,0
0x0D06816CC5a199e17480B7125d9078A576Cd7985,42731460411924999994
0x3fC0b268894d8CA3A2cAcCc4df2Fc88607f8ad57,0
0x690c051DD7A86F8f1560BE41892991963d935B1B,233584753841966609725
0x2bFdA31002AD62Bf6FD662AcF5966604dA3d9D2E,0
0x2F8572474C98759114E1606b211097cC7E41bD2C,73664868827191682917
0xE0Be1c0FA26BC9F269833622Dfbc927fC18f13A7,353983249129419682881
0x20825372b0e1549Fe44da2e70317838E05d8202F,13799135020826512192
0xf4E04b9612968a335c00c7c63b4e94481635Dfe0,747571266445501560880
0x9d154D5A4d91715b17D627fad6E2d1D8dC5a2b21,0
0xE44b1f0bE532340ceB2a35c67FC2AC4222B75F64,0
0x2B124C835F6D6C8fbce721D84bDb55Ec29cF97e9,12340011982370536582
0xC5766C74100E7C8dce3b3f46b5BeDD80a58a892D,0
0xFA6a46CAdd720225569F1c814846CDb408A8c2d7,0
0xBaedacBE9c1E4BeC506E9Ce70e811b09240E29e8,0
0x0A883E82b722eDe04b5bDaeE22F4dEec9603Cf21,0
0x5bEBA11F0986bE762f7844A0C3aAD1F354be09f0,0
0x933de4EEe61e9d166Cb02ba3B4d55ed4FDC1860A,124692485943480658520
0xABB10F4a2B7F6c9456A017035c3eB6854639016c,0
0xA0b6fC09bC0b525E49a12c21470134Bed47222Ab,0
0xe91c91586646F1e092Bf3cB15489df98bFb8BA03,49401737159152317066
0x20C59598993726f2B1D34A85B4c000bBDc934935,0
0x5c0cd651Ffcf2a984407CB579CC37A52BB2F41F6,23762860911997317069
0x2FE99FD3504e3135883a2Ce15dF9644E1517f6A5,123817012120407073155
0xdCeFb87180bDA6e0E5B614f1075C74c448E28bbd,0
0x3c13cF3EbD12fb8bB39a3e1B9A0BD254A174Cc1d,2045648810685607633887
0x6Bc029458FD8F047617b7d439012a5DF97a2A939,0
0x6c98324284C05C0f1Acf6b6F184c7e1E023BbB3e,0
0x7BA942c547DC1a1D07E5122B3c3A3C14692A31bb,0
0xf9A852469933e00f09250D6a7fB858d4fA55315b,19343802566959219508
0xB2e1E09CfC873DaC6a1f7F4aD10dD0eaaF2F5147,322090988431739073129
0x8d275313a1fE7E8Ba6514900A9d948Bc191A9c2F,0
0xB16591F67c5faF53A2581c4dc073B66FAE0a8b60,0
0xdBf3C8568FB83A3ED09849d86C7c87a3E49CEA6E,26597728529568926825
0x03dAaa4B2502CCFC082FEfF1aD6c01E26fbbE989,32434220683392829263
0x34fff8CcC534C2cEBABa1c36e4DDA320c37f16AD,41439094292149707311
0xB26F9a2dd4e2a968257d2bd014393cC58E34F599,53695727815179902432
0xe3A07E47bDd2DE879f3224E1e1A83b2F59fcB949,603785113313082707240
0x66A0B28f5910eEf3E106DBBD3BFfb13C4Fc5B996,0
0x46C40DecEF530f65358b8cf9f5747C8cF554af49,117897141507242829252
0x8c051dBEE210f4d0191E50eD5Fd6ccbae3ADF59C,0
0x2AF7d3755C34900597A2fd9312A4a439541b3dcb,136824051777500341445
0x27F67be848398B2b793FAE4BaF895498A256F7d2,0
0x40333AE8026A364f13b608F76d6eAaCf2B8581B2,474089919809181560915
0x9DB086B17022A904D9e7972f59f863353f1D4766,0
0x0E2fC616Bd5A1429Ef7F7C9c854D60F34d568df9,572101298763752951146
0x4785f412dfe62722F480dc658A4460a008f9c884,493558790065151292619
0x6426e0b64D903e869CCb7A321c7d57D97479d7Cd,11589605848307463412
0x7e9234579cBC9B9508F7c17471ff03827D302a47,0
0x971EE4BC3f04Ee694280FCcA5cE1015a0970fbeE,0
0x2cC80b072960a769e6dabaAb449ec810D652902A,25180294720783121947
0x6d8aAe3015657b493C145503cFF23cC1F2A57B67,23179211696614926825
0xc41b0532B09D42fBF7Cc0A00996791e4F256d6D5,441072049910406341407
0xB20fd20193E2C548dAe5C39Cd709331a304a8e61,0
0x4de1FDB780bDA663B192Bf600ceC89A3b7F8e6E2,0
0xbfCe111B74E15DD92a0a7fEaBb4ffDF13D7B4e47,0
0x6bf79277643bA8A52342705c8E22416659737405,26389282381218073167
0x68e36997f67E08ee7Ed2D57d1DcdaBE695c35423,1406594609071560487627
0xca845440B921bD7331b5d50fD4D9447FF5233fca,0
0xfaEbBe0cb133B4791573682C304dc188dd790799,14090959628517707314
0x6f12271C950f1f22F97f9eEA09bc9ea776f93348,22553873251562365850
0xF0240Db9544d5a2DfDE8c9bf4e89401d87a2845E,198982693215724902413
0x85946EC47e68Bcf8684819Abc43616d5B9516fE6,486471621021222268230
0x99A9Ac959A959aDc7C718F9b3e45Ec95BCbB7B0D,138574999423647512177
0x5A7a5da9243bb1d49Db5E73EF60490d24FbCb7bD,0
0xf058A41Bf7E68f6643E6d80fE0143EcB0E08865D,0
0x93ABF3E1F2fbde2B545382c8AF50211d1592cdE7,0
0x084acA91c46475F679bF1D950a2b5331A74CC111,0
0xfFFE9b639Aa1fbb82Dc9F05109Ec80A5E8D91854,0
0x8E08006977D231463F0d47EBA5d89a5Ba1AD7c0D,0
0x4e2Ebae757927CaFbA2f0873b316B83AdC3313Ad,11464538159296951217
0x02dD52D2845D1103DeeED2696bFb2189550Ff53a,132780196499493780470
0x9E6F8C5BfA9FD5ec668209D05f8e03Ef37d0748B,0
0x84c26B1393edbF91Ca1adE10513773989a823E97,0
0x990Ba9131Ed4052FBA58E238b6941553B2F32365,0
0xfD588b2C0A06F977eB1A979202c399130AF8C5C3,0
0xfCF82A1A9977eC7550CA6c4cce8A058f703264B4,0
0x1D9f44eeD7fAdD4B7c36808c29523ccB1a5255a4,0
0x73481C47B915fFC26f38E191815c30e15D694BD5,0
0x7e8197382d72A56868561ECe493E38B1De1695b6,3609578572532392462958
0xDBE1607e68c4F4e7Bca26392e3360642873A707d,65785604419529414625
0x541810Ce9Ba15639158327dd48E955C9CE0d6463,283486761757160975573
0xb384D3851E652F22330679FD008fE8888Fbb3F5a,0
0x2f76E09411a994f12C1fB849E22e656448500038,0
0x8444Cc07A851AFb7c2d269258071D0E7323f6941,168216041719138902417
0x234453A397F8Df6B9e0Ef86d79d86723D3085bD0,0
0x7af8D1537c89115E99Ed4da28636537be37BD641,0
0x0ACDAcc81754eec144Dbf198d949e87e44E81F04,149372509908221731687
0x741848a128B0304dCb1fD721E978d530aDbBBeeF,374827863964505048732
0x2CEec0A17e9C885eAb04F1F96cC9db482a232146,12881971968082756095
0x0e3600Fc038c88c9470d136Be97EFcEa7fA8b0b2,0
0xc995f888c2FfA433BF0780dD4272C9d201247288,151748795999421463395
0x73f4b6A2666CfAbE0d006965998732d5A1a5FCb7,59657287658014317065
0x67652f8448eDb141a098F4DE0364f44d513fFbd4,58406610767909195114
0x8989b1C86A21148D2389b9415DEe205B57e32De3,0
0x5b056eCDD9928DbbAabe295e9bA1EcB0C8E5E52b,13632378102145829265
0x03F7C018cc0ed94d7C0B0a9cad8Cb41d01787023,71246893506321780478
0x02BB884AE22AE80FD39fA62Ba4c4a49AD1C85225,0
0x60f211be836c3F3e44F07B149514aB3cbb8694A0,0
0xe3450EBb028Fff74872Db74B9489E6B63dd7f70D,0
0x20F040EF7c10Fddb502bFD8D1743b3d93510fE27,0
0x761380AC99046c803B9E886A1FA6014A1137dDF2,0
0x9c51B5Ea15c93aB21092a23509A3072E53aaB26C,226497584798037585336
0x78c8b92F42bdE122C33a421285Bac04261c3368F,859631915798920487695
0xC0c1771e73228B637312D860e4ded537C8A49b7C,197064988650897048755
0x7f18649817A96AaC3ad9f65B0e052c52C0B0a0b5,0
0x4E91891408779Ab1711c2fA856b4C9Af7A05EC83,22553873251562365850
0x0CfD53e1e80D9E1B0552AdC4B1fCEaE302e03bD1,0
0x6d43355f682B9174f04b4543EB9fb320b40dC081,1623545360275128975404
0xA0Dd7Faa282E3a599eD55a0A6005Ab874C7Bbe5B,0
0xb36BFBBc42Ff6fF73A1f205Cc40C699c8e83859E,277733648062677414598
0x437ae16C9d68495437eE3fE50Ea21a1d181926B7,208404459121183487778
0x51daf526B980B90aF332014dBFD39BAbE9b78E09,80376834804089170720
0x53e9403fd331dcC35318173448c3473702C00840,115854369253404463399
0xD87162a4fd7409bB45a78b300CbF528bEC27ad2F,0
0x994Bf9615294e7D44DAE9D040dd3636459E9f201,0
0x0B94C7C124db21535922F0980194C1876a53D707,0
0xc82EDFB72EF973E35a933d97901497178Ee78731,12340011982370536582
0x04c873c586eAbccD35fa7EE2B39f2Ca25d9AD3B5,124817553632491170715
0x27911cBa9b8B37afF3Ef3F240aF0B56acA77edf6,194897148708048170706
0xB5726844F6cD309E99b20eeE4321a0D1eD075552,0
0x8fD934c3DC40399a66C0C2719e6F5AB7f909de2d,0
0xE8794d73364e5B51582923451F01bA022F26D076,0
0xFAE16d71c2DD67F499139782619BcB112532c904,145953993075267731688
0x8638125e844f0F1824E9afDB81F4811bFEDbf541,0
0x15672b8dc2Fa34248B308402b41d469bE749f70f,731562602252155999906
0xc27d03B0E5335FaAdBd574E61a86583A6135c395,408179247700641634094
0x2B93A851c5165B91D8D6E90C25BaC9380E6Bc67b,260265860830875878015
0x3139255fd0Cfaae17b5045E9139128E35BFB00F1,0
0x322736E7a21cdBcA6e3C4f43eEB1d6B9eaA23F3D,424563114961018731652
0xea175bcf677Abc018c59F603bD3645581f29B0bd,96802391294136439011
0x3569Ce1bf9a31feBd03743f47221D957AF890Fd9,0
0x9CDE2a30B5e2ED68A88483cB7370c7585e6228C2,0
0x8Db7410a3195FE365DD8F7C2281a2bFd47F14CfF,0
0x76F103037601a2a8f042Caa259C55abbb34e30EB,10797510484574219510
0xA1475d811695986252eDFA88B95252C36079700a,15299947288952658533
0xB23101b7da5FFB63a4B82ceB9Ce3b639BCba3654,1339766773910276804708
0xa4C8530132dd67e88d458DfE10E31916D2901e73,0
0xc60216c77acB247917eAB4D003Ab5D50C03c3737,35519223678985463409
0xA6CA1bc931933B3fcC101c4DB281BE4bae724e05,20636168686734512191
0x957ccE8346748E84cE5fB1C7F1414794e92829aD,0
0x33cf44eB2B6f404A46440887FE508C2C93B6775f,29432596147140536581
0x206cC37Fe0d4992B3272E221906E90cd7faFC6Fb,0
0x4e2F58fc9EDd9f9817140D0E9a27FF186D288245,347479729300873048736
0x1aF84B3f5D8e8951d0378e00Cb639b48365E3070,0
0x75371C1ea2912A14A46de7178776CD2079005eB8,82294539368917024379
0x0c0A412F5d1463606F14F17a2eeE7a8D6fC5c736,0
0x1D06dC523C3E23A71862F20f1e6100D70aAEc77D,0
0xc27F07F4782F9beE4527682cBf32Cc47EC6eAcB6,20302654849373146338
0x3df4fc1d282cE9e60b98C4C76c4A032BBfCB5970,0
0x56fB4eb3ad84e54d9D94D5dD3005f1dc50b1A4D6,0
0x417e5801420A712Efca005d8470EBd34e2887f3b,191061739578392463390
0x6803Ab390EbC3E000e718dE22684939E16c9204b,0
0x9Fa09ef9C54f0c10Ca755a05A5dF1a363F444951,843831697753925780381
0x137dd637b8c12f3d0261aF9dA580365F1ccd2452,63075804490968317064
0x2c64bF82D24309458D6D8DCFB3A50ECC8aAc98D6,128944787369838073153
0x04c141617dc600618efd984628a8d64D210DB5c5,54154309341551780480
0x7fF6cE5229755FF8FC33cA61FE77992B17ABeB33,0
0xC0317B1A33d4E3189aC888E8B0318825Df30fF1C,0
0x1c16B7ee989D2c2b671dD2cBbb969c7036290Ac7,0
0xd22752AAE59157cbA632080b5eF8d7C470A0930A,71246893506321780478
0x2dd0352Cbbb3fc13A20236cF53641BF5805B2BDB,0
0x1d0bb9A76ae0314E04A7Ddb3Dc8b1d066391075d,0
0x8ca33bbfA5764C3e1beee43C9977F16F59b9e8F5,1979738138577067707066
0xFA3e05B803c91BCedb15CaFf067116024701aC60,211864665183807658509
0x7d5CdE8eEE5e74C728303f6349c6eD0868bfde26,633384466378903926748
0x40330c6689AFD01bAb8397B3e7fACe315EcFa511,22345427103211512192
0x0B3EB05C88B8c549531f31cf4B5428210302A3fd,0
0x5A48E44826388b8Ddb0C45E48f77157cf958656C,0
0x63eF7F02cd20E4dE0752b2eB7F2B655fEb9AD1eb,25263673180123463410
0xF193Cd4180fA7a5dBFd4d3934c3B8Dc1d9741fe3,0
0x9c6415dfc4Eb38F981A859C6Cda68265f8091894,0
0x369b8eB6C620D36ee7Bdea22Dc3a3D5968DefC5e,27514891582312682923
0x4440075a200010c8cebCb830D2DAEf5cCae7a3eb,0
0x237FCf5A1B059f58D4E70f1a69d8adA3c1E8Efab,574477584854952682853
0x3c9a5a3E2226E8663f78D5D0337FdB3CF9634eE9,144995140792853804858
0x74C631f73275502b0C9E4DEa9844d4E07d3a85c5,0
0xF49001A0B0D4dEfAf2E30d263041F5f1eC36cA6e,0
0x66F08C470FF3A3DB0bFC946B6027bC325ce0aB2C,0
0x050Eb8d00c4166B0401Afd33b4E22616313d554C,0
0x8CdF152d98F07E919978d40947b7A4DA59F2d515,0
0xD7D5872dFD97E82D035c66911940eA32232155f2,1731437086661530829048
0x48736e58e5018FD48054aD11DD1576e9723a2195,10547375106553195120
0x1B1678F8715F0573D017999ec3Cc9FF5512f2927,0
0x0E4f34C69Ab5B3451E3c7adeF041713d214d2178,0
0x4895f6E56BeB8A7ffF8B042b275E315f79438027,10839199714244390241
0x69B922d25035a0ceBAeD992c7bE551c05153C877,862883675713193804768
0x4A62184f4dd4aB4D809CF5a696B7a7A7C0e5ef3e,0
0x17535F91E2f1550E8d32e391579d48180809F71F,61574992222842170723
0x58B1c70b778AC3a564361c57ee733DD35A96D931,0
0xAF1E4408fedaA8Cfbe884f40b919a76a868253B8,410055263035799317021
0xa15902deA582F2fd966aD82ec0F803F19c25Fcc2,799891249681565829167
0x4f272dc47614A1Fc007b8b9C59cAEE20D08d1dFB,206236619178334609729
0x01d258514d9f5925B4CAc2351af8a9F7eBb6bfE8,0
0xB220A2B82efad396AEc6b472ec1fA97E242AB653,0
0xb11B42663bcfaf0bA0379F3e464Ec3a5F042cCff,0
0x489f3BE2aaBA63c5A35b3953A7C782Af4E919F2B,0
0xBC8357B3869e74AD2C0FD2449995ee72161035D1,0
0xaBC99679c1C6B0254a3194B9d3e46Cc66d082396,10380618187872512193
0xC6c22b233289195f0E32EAF8B0b31EF0C4621124,0
0x667146a0d306D920cDFC19064a90f3e923E62018,0
0x45E7E5026f2eE6bcf4Dcf65dED6435A7D4311606,0
0x47cF090bCF978D72d545db215e8C7974766a7b5d,0
0x45860e92779064C430b16e87Fa8E313EeFfa67B3,211989732872818170704
0x513EbBa5BfeE29C17979c09f535b46aDa5a7f1F3,0
0x01797Ee509572A0b988B355a26910F67f2faC627,10047104350511146339
0x8F9289909F242fDf32a9a377dD6e2c64B931e76C,0
0xf1f7227F0cC833Ec5Bc5CcF475A73fEa71eA52F5,1685870758632034219298
0x0aA33537fe08a6D8adcCAC5449c968286a6Cf630,11798051996658317070
0x91716fDC9E2a30E87737Fe6de06f93C9A5F57bFF,16217110341696414631
0xa6567D94E96A20D2FBdb3862b4a1C52053d420b2,2029890281870283097304
0x88B8cebe95fD20B6542a1E204D3d1F3eBb553B72,0
0x6dC95153E2ffE2db1460BCF05E75E58C51bf3367,0
0x272107585387EbB75f47C9F6C6d21bbFD6Eb6910,0
0x72928b1e41d5Fc1c2B043bFDAA9aA8CB43B20208,2024554060472501243646
0x6F6A3474B7e605A0052dbA44eb9A969d92E02ddC,0
0xAa8F4058F3C7eB54A31DFf4754334d58814E8969,113978353918246780472
0xeaEdcab6FBDAe3E145fcb5eEf9F5D85754e41e9c,0
0xeD99318B266144A27AA8c23dF043d3AC869899aA,370200359471116097513
0xfe3c85dcC66104b3B8596FaDF18f70e194eC2A46,0
0x0e07e65870484cf5512527a80C892BB35EC5dbDB,0
0x846e0a7E7c1d0e24B5a401a43970a9890aC84cc2,5391167802487138682246
0x1a040F2B2a9e894b4e1653d59ed4eE15Bd10542a,0
0x6267AB272857A775B405Cec59287DAC8B48694cD,29140771539449341458
0x6ce261C322c0CfeB672F443371bf9029031fc4F5,0
0x92bdb654543dEeE55fe9491e64e737a1807C2710,11756362766988146339
0x232eC23D890ab0b0c2df8305Afb466123f14c338,0
0x9C69641127dFe117ef5dCF442FB75b8DdfFC8d0c,59157016901972268284
0x12268c7C60D195f55B4BEfd6C2471d3556ce7751,104181384945756658522
0x1B0fBD313D279cF059c8cA1Bc99A7EAae45AB786,37812131310844853652
0x69F44887934039d7F39841F1E7F86724b25dFd62,640096432355801414553
0xFaD126BfDc5e4C6bBd21705B19DC95c92E72Fb83,0
0x6F76304CB901C06566c41e3942538D9C56D62d1f,1676907574252947511983
0x3AFa8326B9DA70fA47f8C8991867734fAe28B3a7,2238586565599157780204
0xC209F8CA46589b4a56fde8291350af29D25a0243,165089349493876097539
0x8d92B9323780Bdd5c8bA7E55964B27A61345757E,0
0x13Eb7A5B4098D519B864081584a4585b06c1D88B,0
0xF29dD8b43DD46e9DE75268aC1914BeC82da2Fb27,0
0x612E37b10001624f86A22B504514EDD49076Eb83,0
0xc87531579191eC96FdC393D8f66b0242DFD56b63,1610038049861993658332
0x6De029D560A3b40CE6A9490Da5F25ADc57876d53,0
0xc0290A27e5f373c1cc41F2DD0658187FBD9B36cE,0
0xa40D9ea827f9299FeEf09609035062c50e372144,317046591641648414593
0xcBaB5029Fc4b30F0dCF515953b5118370C1b8C48,0
0x124384A68C11d532F2D72CF1Df4EA81e094Be2F1,106307535658935365840
0x73113fd1C7089EE77c7e250dc47D7a2ae462DF33,302788875094450024352
0xcf31Cb9127BB4bf7Ce387A1629d66F1C2b07888a,0
0x616c982856740473ab51631C0B71bd82b1731DB6,766206352108067877951
0xa8dB9526b54bE7c69A9E65CB55267A0c3E911c64,0
0xC6d36Ec1763b65285A9225Da82C74a055686A04f,37561995932823829262
0xFDE1e110c64247CAA57040bF11644F0289f79E41,85462920823849999989
0x2ffff0582BE0Fd5dc1AB13a07Cb8BE1083Ede359,0
0x9F4540485601950807d42E93ae67Fb6345474bE4,71538718114012975600
0x46f7d71125b753F76C8D501CffBCF3e46ADFf4b0,0
0x6BC24FBF117D181137d03dF76eEB361fee949e9f,153666500564249317052
0x2D90D9EF0DFa62bB1f113b6d837401bef566BA13,119356264545698804862
0xEEE6b38De4235ad790Fca4C0753aa5CCF24427BC,57531136944835609748
0xDf9EfA3a50D3870e8d4c9E145e8f092B9eFA0563,65785604419529414625
0x4c745C90F0cF13B8a3f56174adCe4dD6fB99a251,294451029160415878010
0xAe9D8D1b1818f39f63a5DACe1B3517D567b596a2,470629713746557390183
0xA4166eB7E92d7f16Ca3ad34D6ab6381cEF87A36A,0
0x82a36F2B909f2208019577645f2c73a399580c8b,0
0xeB2A74D3196d1E425c5959bE4C2BF4b41b9c9027,0
0x09942Cc3FdDeb631A67283883ecFC13F440E044d,402676269384179097509
0xA7F8D1300C48e5d3590Bc5433Bcfecbf3A1931f2,2850292632549572926468
0x513B6273b1234419D71006713415FD807d66302b,101471585017195560961
0x20cfBA9CFd3fe3560277611208dB70293c5251cC,0
0xC9F24B089165D1FA85B1b1C9797eBD636bA6BB47,0
0x5Ccf5C71F24d6D10A163c88e5Cda0CF3eFaFc172,0
0x5D14Ce86D273eB9532d6A7654A4a943c9b0D3e72,0
0xF2a2540287f048fB6687753539Ffe0FFE37818f9,87130490010656829257
0xA0c68E8A719EE7291276DD82f7786Ea056AC5945,123441809053375536569
0x50d21bBF1aAE2c8AEBED175a522a8C2F3A5452c8,0
0x092cdfBF9B0db3874FBCcaA43364bb332e9C824c,0
0x43ea96e3fA41119a810e8d1A9BfC7B56A4b6512f,16425556490047268290
0x1284C1847742D84832eB3d1bB9621E969b7f1b5A,0
0x18A31C4cdcC8753Dee0201414fC7e808a7Ea285b,0
0x0453AF8862d67E1b0c5d402b60843C2d353864c2,0
0x8C31D4d386B72fd5E301ee36986EDDf8B2981De6,51736334020681878041
0xdD09c0dFad88676ACA5D14eA2e3D732163a7408d,0
0xA4C4C415252D23a4B58eD576FD23Ac846F0e1FF6,18885221040587341460
0x3f0bb72546787834e4a37698c4Dcc19D41Ef2Fb4,211781286724467317045
0x2D0c8545150AC72bA977e55DEb66dB0aA3D72Fa4,0
0x55864677140Ad1d218b480205C4bD96884F03743,170884152418029829246
0xA68962D6C36335176cDa9E679fFb6912111CCC20,0
0xc7a92ebc0220e9a75d57fD472b4d9F0bb26B5Dc5,1014924296320306463286
0x873904EfE8a2dcfFa9340797F3feA85a54e4114f,1247716954798539829110
0xdB090154987a95920F5F12c24Bc0DBf2a0676E63,0
0x4B6eE68B21B86d20aB0504E38796EbFCBeFEd2A8,11214402781275926827
0x062F6076127B7DF512979E8aA44025031e514450,0
0xF75A862660f4314B100505c9C303B73B477fC3AC,0
0xf1109740d536FB038e4Ff1FC5E3e6dB4Ec0eFc96,20636168686734512191
0x50Ac7777E86C0e71920dfd1d83c98b9ACc3479F7,22553873251562365850
0x7C2A19ce5835210CEfC6Fc3335CFfe47a1ec5fb9,202109385440987707291
0xC203227C2b634eC2E122253F2625add50f672b4d,17259341083450682924
0xaf70aD0Db929F1Ab7d89f1C1B178b7BDB6eA324B,21094750213106390240
0x5a9F79E56f4db2671F71c5010667620e98CD7662,172093140078464780465
0x7266D680A05685003A6E702de14a4Ca3CD85F3DC,0
0x86C0537559ea58CAe95E2e4B8eb41b24dfceB653,0
0xf82B190a122D702b42E94A08f56e64B283b8B990,0
0xCd9Cd119b999A7D202cEDA1467fC655b1D0c885c,0
0xF85a78a3bc6373a4DA1e706a0b7AB093dD90C0Eb,14424473465879073168
0x2c130636808DB993Ba2b9D84a381dB3921b2bDFD,2101220553835945219246
0x1Bb355c0509c8f7b76bF285399A0FDC54a742Da5,0
0x809cF8A6df67B35609c6c13E0DF4d75267F1423A,27223066974621487800
0x5A048572B3d5f5A52b896Df9360e802555e47b00,291866296920865292645
0xE5Bb586FC7e4ffAE757bcC78e1699BF7B4697cA8,0
0x42F8527998ff53c3F740aa252F7c9a9cB838a922,380372531510637756049
0xA56d87f2bB45F91ed0a35EE32EA04EBA59CC2Db4,0
0x5d95B0FB30A361030ed31e564e695c6bcbBA1FfE,0
0x364f9935Ab8712Eea1942b91baA8D52ff0026773,12214944293360024388
0x420D0A597374368e1F53Ed10a07E1972C216efbe,0
0x67aA1E0D91bdC22e2ca9811ef1006210f7A15Ee5,17175962624110341461
0xEA7Eb243522CA9eeA0c590C2a7a1b1ee62dA649c,0
0x2c4ef658e8B4C98e1d5764BDeAf46E62f45DD3eD,0
0x791e61e312Fb8DC9DA78e77eE4f8c3cD30723CE6,601617273370233829191
0xd6bC6A4E2D9E40d87af06D4fF24B79b0ac6eE9eb,0
0xE673aE99db1D665CC035Db8180678da2f50CBe5D,48151060269047195114
0x005b8C640484eFdfA299545FB39A82A6129e70e7,2120731113321585121682
0xca354fc0af1E176FF0d4e80D677F9a121E174720,42689771182254829262
0x6D91A6d377dCf02611815b1CAC64A3028CA4c327,0
0x02266D3b9b2fDf9e687C5af1Ae71b5fcBd8fD4f0,12214944293360024388
0x619321A1e4679899e9A9835515Dff6878409A76b,0
0x4b8207cc74E12089Db6bA8607Bcf846Dc2F2e675,20386033308713487801
0xB7C2b80013E51D54874f752E78057f1ca6697f66,135531685657725048762
0x17fBAae458b6926C78818449A2eA5C692Da7f833,413682226017104170679
0xA4638AD41a2c7d6A97c8759caf17176909935736,10922578173584731705
0xb26C90700c462084574DB25020bCc0722b173f50,12256633523030195119
0x59722f57eF4e4810f607FDdd4C87B4bf82290FCF,67161348998645048771
0x70107A0d43cAc9994F98B64881eEd4Ffc3861257,636427780144826390163
0xE69e63BEd6C10995562A74216Ad6456915D8f5DA,40605309698746292677
0xd8eb09c50241617623905b5fe09C75b518827c04,62825669112947292674
0x1dAfFb7123A8519E5B12a8f0776C3B5Fa96d56A4,123525187512715878032
0x3064c0DDDFa58dDe13a674cF674eFb17E33139ac,0
0x50a6dc3a57700A578D152d80f868F4ac04e9A897,0
0x23d7C253eA55802136EA567975470ae4080E72d8,41439094292149707311
0x0B81B3cd801B6b3c7aCfbb2Fa5f1e8F377A20963,58198164619558341455
0xcF7191d488d89c5c8f7Fb172c717802dd4f4b778,44774232665763365847
0x2EdD66cF95A6c25e3bE8065cf4BbBe2031d0c869,0
0x6D40122a8DA9f1EA629a1304cCaAB2b61Df12bd9,0
0x84d76111E0b537AC80603C30769Cc9dC57B084F5,130445599637964219494
0x2a86df2e65dE6257B13a30957e3879Be1118bF9F,0
0xfd5a8d4233125bc60aed71c906e7725366e43728,11131024321935585364
0x87Bb443321dEEfE855AD641ACeAe02f34D803636,0
0xdC80eA0Ed79e426dAb3571f821fA8B22506feDEF,0
0x6BfC71372A1EEd792a443EF9ADf86d5D324BE172,0
0xC594A04663eb01461506Ed8dB228E2B021C2796A,0
0x8018Db9b66BBE22C50227D744E03635827Af0166,0
0xc345EE584FF6FE313eDa2f0a5225046883E9A6A5,0
0x5b94ba37f86f3e7e1f32682d1916E46E6D4c62f6,0
0xb2366947f7c01e179044365665C633FeFdFc8Ba9,0
0x84C66ae86c7cfceFBb9f8d13d0071AAAF8f782A8,0
0x2387e392eC550eCA053c4AcEc0A5318464e1873c,51152684805299487798
0x72C16F337ca9101E80C9200f06C21AEE2e89Bd1a,0
0x39Fe5F319Ad306073A94e9d117f12Af1514b4601,0
0x40c95AAc0CDe607679c21f3Cf41b51EEC8c301a2,32392531453722658531
0x75D8b69Dd5d88446D2345Ca7C11142476FE14A2c,31517057630649073165